{"name":"build-javascript","namedChunkGroups":{"app":{"name":"app","assets":[{"name":"webpack-runtime-a36a5cf03fedf062cd02.js","size":5252},{"name":"framework-c8fe3d3b343a9016d88a.js","size":140982},{"name":"app-6d96cd40f7291aa069d8.js","size":338539}],"filteredAssets":0,"assetsSize":484773,"filteredAuxiliaryAssets":3,"auxiliaryAssetsSize":1854931},"component---src-pages-404-js":{"name":"component---src-pages-404-js","assets":[{"name":"styles.51473b695e9540acf6a3.css","size":28098},{"name":"commons-bf70ddd2218c25c4d854.js","size":27636},{"name":"component---src-pages-404-js-a079a80352ccb511b3b2.js","size":443}],"filteredAssets":0,"assetsSize":56177,"filteredAuxiliaryAssets":4,"auxiliaryAssetsSize":129594},"component---src-pages-auth-js":{"name":"component---src-pages-auth-js","assets":[{"name":"styles.51473b695e9540acf6a3.css","size":28098},{"name":"commons-bf70ddd2218c25c4d854.js","size":27636},{"name":"348962a5e373f4bca14b55b19a7783d0509ac37d-9cd7ba51f51a6302cd94.js","size":38805},{"name":"component---src-pages-auth-js-b577250b04d241b20e6d.js","size":4601}],"filteredAssets":0,"assetsSize":99140,"filteredAuxiliaryAssets":5,"auxiliaryAssetsSize":320126},"component---src-pages-index-js":{"name":"component---src-pages-index-js","assets":[{"name":"styles.51473b695e9540acf6a3.css","size":28098},{"name":"commons-bf70ddd2218c25c4d854.js","size":27636},{"name":"component---src-pages-index-js-9fab7f5200bc30f98d8c.js","size":29183}],"filteredAssets":0,"assetsSize":84917,"filteredAuxiliaryAssets":11,"auxiliaryAssetsSize":1410585},"component---src-pages-todo-js":{"name":"component---src-pages-todo-js","assets":[{"name":"styles.51473b695e9540acf6a3.css","size":28098},{"name":"75fc9c18-86d946424ff4d3ce8122.js","size":61389},{"name":"commons-bf70ddd2218c25c4d854.js","size":27636},{"name":"348962a5e373f4bca14b55b19a7783d0509ac37d-9cd7ba51f51a6302cd94.js","size":38805},{"name":"component---src-pages-todo-js-778936fc6c414c095a68.js","size":50566}],"filteredAssets":0,"assetsSize":206494,"filteredAuxiliaryAssets":8,"auxiliaryAssetsSize":776516}},"assetsByChunkName":{"app":["webpack-runtime-a36a5cf03fedf062cd02.js","framework-c8fe3d3b343a9016d88a.js","app-6d96cd40f7291aa069d8.js"],"component---src-pages-404-js":["styles.51473b695e9540acf6a3.css","commons-bf70ddd2218c25c4d854.js","component---src-pages-404-js-a079a80352ccb511b3b2.js"],"component---src-pages-auth-js":["styles.51473b695e9540acf6a3.css","commons-bf70ddd2218c25c4d854.js","348962a5e373f4bca14b55b19a7783d0509ac37d-9cd7ba51f51a6302cd94.js","component---src-pages-auth-js-b577250b04d241b20e6d.js"],"component---src-pages-index-js":["styles.51473b695e9540acf6a3.css","commons-bf70ddd2218c25c4d854.js","component---src-pages-index-js-9fab7f5200bc30f98d8c.js"],"component---src-pages-todo-js":["styles.51473b695e9540acf6a3.css","75fc9c18-86d946424ff4d3ce8122.js","commons-bf70ddd2218c25c4d854.js","348962a5e373f4bca14b55b19a7783d0509ac37d-9cd7ba51f51a6302cd94.js","component---src-pages-todo-js-778936fc6c414c095a68.js"]},"childAssetsByChunkName":{}}