{"name":"build-javascript","namedChunkGroups":{"app":{"name":"app","assets":[{"name":"webpack-runtime-02062bf34bea50bed11e.js","size":5252},{"name":"framework-a797facab7503f10188d.js","size":140328},{"name":"app-75b475f979cd77fd0d9e.js","size":69475}],"filteredAssets":0,"assetsSize":215055,"filteredAuxiliaryAssets":3,"auxiliaryAssetsSize":620607},"component---src-pages-404-js":{"name":"component---src-pages-404-js","assets":[{"name":"styles.77b29b46958294bdd633.css","size":28559},{"name":"commons-59fccb88b5dfc380381b.js","size":26906},{"name":"component---src-pages-404-js-a079a80352ccb511b3b2.js","size":443}],"filteredAssets":0,"assetsSize":55908,"filteredAuxiliaryAssets":4,"auxiliaryAssetsSize":127093},"component---src-pages-auth-js":{"name":"component---src-pages-auth-js","assets":[{"name":"styles.77b29b46958294bdd633.css","size":28559},{"name":"commons-59fccb88b5dfc380381b.js","size":26906},{"name":"348962a5e373f4bca14b55b19a7783d0509ac37d-218d52899540827f4526.js","size":35818},{"name":"component---src-pages-auth-js-874dd806c32b95f6b9f0.js","size":3796}],"filteredAssets":0,"assetsSize":95079,"filteredAuxiliaryAssets":5,"auxiliaryAssetsSize":303186},"component---src-pages-index-js":{"name":"component---src-pages-index-js","assets":[{"name":"styles.77b29b46958294bdd633.css","size":28559},{"name":"commons-59fccb88b5dfc380381b.js","size":26906},{"name":"component---src-pages-index-js-9fab7f5200bc30f98d8c.js","size":29183}],"filteredAssets":0,"assetsSize":84648,"filteredAuxiliaryAssets":11,"auxiliaryAssetsSize":1408084},"component---src-pages-todo-js":{"name":"component---src-pages-todo-js","assets":[{"name":"styles.77b29b46958294bdd633.css","size":28559},{"name":"75fc9c18-86d946424ff4d3ce8122.js","size":61389},{"name":"commons-59fccb88b5dfc380381b.js","size":26906},{"name":"348962a5e373f4bca14b55b19a7783d0509ac37d-218d52899540827f4526.js","size":35818},{"name":"component---src-pages-todo-js-bd9b6598c7f92162a246.js","size":49343}],"filteredAssets":0,"assetsSize":202015,"filteredAuxiliaryAssets":8,"auxiliaryAssetsSize":752537}},"assetsByChunkName":{"app":["webpack-runtime-02062bf34bea50bed11e.js","framework-a797facab7503f10188d.js","app-75b475f979cd77fd0d9e.js"],"component---src-pages-404-js":["styles.77b29b46958294bdd633.css","commons-59fccb88b5dfc380381b.js","component---src-pages-404-js-a079a80352ccb511b3b2.js"],"component---src-pages-auth-js":["styles.77b29b46958294bdd633.css","commons-59fccb88b5dfc380381b.js","348962a5e373f4bca14b55b19a7783d0509ac37d-218d52899540827f4526.js","component---src-pages-auth-js-874dd806c32b95f6b9f0.js"],"component---src-pages-index-js":["styles.77b29b46958294bdd633.css","commons-59fccb88b5dfc380381b.js","component---src-pages-index-js-9fab7f5200bc30f98d8c.js"],"component---src-pages-todo-js":["styles.77b29b46958294bdd633.css","75fc9c18-86d946424ff4d3ce8122.js","commons-59fccb88b5dfc380381b.js","348962a5e373f4bca14b55b19a7783d0509ac37d-218d52899540827f4526.js","component---src-pages-todo-js-bd9b6598c7f92162a246.js"]},"childAssetsByChunkName":{}}